{
    "multimodal": {
        "train_loss": [
            0.4259308048013054,
            0.35665513084186545,
            0.33071905717836336,
            0.3057442397625824,
            0.28937078250065756,
            0.2752333652970384,
            0.2613995893027793,
            0.25235232359504456
        ],
        "val_loss": [
            0.40124987147727637,
            0.5372237530914513,
            0.3887328638834922,
            0.8111701719914212,
            0.5561382819421916,
            0.3471636027514324,
            0.3362403549219222,
            0.31035966830951306
        ],
        "train_acc": [
            0.8063802388199485,
            0.8461367361273706,
            0.8628424256614377,
            0.8754624209786935,
            0.8820182627019434,
            0.8889018965113556,
            0.8949543432451417,
            0.8995083118707563
        ],
        "val_acc": [
            0.821062441752097,
            0.7538676607642125,
            0.8335507921714819,
            0.6755824790307549,
            0.7561975768872321,
            0.8534948741845294,
            0.8600186393289841,
            0.8770736253494874
        ],
        "train_f1": [
            0.42342554113062575,
            0.5615939324082968,
            0.5998654302722095,
            0.6392517163090566,
            0.6661198826814466,
            0.6906119617079207,
            0.7043096945976675,
            0.7177217634859321
        ],
        "val_f1": [
            0.5206634529837204,
            0.3958635369580939,
            0.5407293901508903,
            0.4196150240295843,
            0.5563304414801135,
            0.6001657814571778,
            0.6472787061897624,
            0.6497307913550676
        ],
        "train_auc": [
            0.7914642690628845,
            0.8546853098177811,
            0.8748972733364007,
            0.8923074789341345,
            0.9037169796458135,
            0.9116744407409876,
            0.9200528654806964,
            0.9250009712354033
        ],
        "val_auc": [
            0.8471207969018124,
            0.854239145345676,
            0.874718664130499,
            0.8544639512676081,
            0.8821161798807076,
            0.8877718857115593,
            0.8959652464202261,
            0.8968785846753559
        ],
        "mean_attn_seq": [
            0.28544655442237854,
            0.31528082489967346,
            0.31364214420318604,
            0.3282894194126129,
            0.34750035405158997,
            0.2821275591850281,
            0.31500503420829773,
            0.3121260106563568
        ],
        "mean_attn_img": [
            0.6191704273223877,
            0.5764338374137878,
            0.5658900141716003,
            0.554499626159668,
            0.542087197303772,
            0.6024128198623657,
            0.5877922177314758,
            0.5887417793273926
        ],
        "mean_attn_tab": [
            0.0953826755285263,
            0.10828545689582825,
            0.12046737223863602,
            0.11721093207597733,
            0.1104123666882515,
            0.11545872688293457,
            0.0972025915980339,
            0.09913238137960434
        ]
    },
    "results": {
        "acc": 0.8758109360518999,
        "f1": 0.6508266998441314,
        "auc": 0.898566282968226,
        "mean_attention": [
            0.31423595547676086,
            0.5857981443405151,
            0.09996596723794937
        ]
    }
}